[
  {
    "id": 1,
    "name": "걷기",
    "category": "유산소",
    "calories_per_hour": 280,
    "intensity": "저강도",
    "target_muscles": ["하체", "코어"],
    "description": "가장 기본적인 유산소 운동. 관절에 부담이 적고 누구나 쉽게 시작할 수 있습니다.",
    "benefits": ["체중 감량", "심혈관 건강", "스트레스 해소"],
    "suitable_for": ["초보자", "고령자", "재활"],
    "source": "국민체력100"
  },
  {
    "id": 2,
    "name": "달리기",
    "category": "유산소",
    "calories_per_hour": 600,
    "intensity": "고강도",
    "target_muscles": ["하체", "코어", "심폐"],
    "description": "대표적인 유산소 운동. 심폐 기능 향상과 체지방 감소에 매우 효과적입니다.",
    "benefits": ["체지방 감소", "심폐 기능", "지구력"],
    "suitable_for": ["중급자", "다이어트"],
    "source": "국민체력100"
  },
  {
    "id": 3,
    "name": "수영",
    "category": "유산소",
    "calories_per_hour": 500,
    "intensity": "중강도",
    "target_muscles": ["전신"],
    "description": "관절에 부담 없는 전신 운동. 물의 저항으로 근력과 유산소 효과를 동시에 얻습니다.",
    "benefits": ["전신 운동", "관절 보호", "유연성"],
    "suitable_for": ["전 연령", "재활", "관절염"],
    "source": "국민체력100"
  },
  {
    "id": 4,
    "name": "자전거",
    "category": "유산소",
    "calories_per_hour": 450,
    "intensity": "중강도",
    "target_muscles": ["하체", "코어"],
    "description": "무릎 부담이 적은 하체 유산소 운동. 야외 또는 실내 사이클로 즐길 수 있습니다.",
    "benefits": ["하체 근력", "심폐 기능", "관절 보호"],
    "suitable_for": ["전 연령", "무릎 약한 사람"],
    "source": "국민체력100"
  },
  {
    "id": 5,
    "name": "줄넘기",
    "category": "유산소",
    "calories_per_hour": 700,
    "intensity": "고강도",
    "target_muscles": ["하체", "어깨", "코어"],
    "description": "공간이 적어도 할 수 있는 고효율 운동. 짧은 시간에 많은 칼로리를 소모합니다.",
    "benefits": ["칼로리 소모", "민첩성", "순발력"],
    "suitable_for": ["중급자", "다이어트"],
    "source": "국민체력100"
  },
  {
    "id": 6,
    "name": "스쿼트",
    "category": "근력",
    "calories_per_hour": 400,
    "intensity": "중강도",
    "target_muscles": ["대퇴사두근", "둔근", "햄스트링"],
    "description": "하체 근력의 왕. 허벅지와 엉덩이 근육을 효과적으로 발달시킵니다.",
    "benefits": ["하체 근력", "기초대사량", "자세 개선"],
    "suitable_for": ["전 연령", "근력 향상"],
    "source": "ACSM"
  },
  {
    "id": 7,
    "name": "데드리프트",
    "category": "근력",
    "calories_per_hour": 450,
    "intensity": "고강도",
    "target_muscles": ["등", "햄스트링", "둔근", "코어"],
    "description": "후면 사슬 전체를 자극하는 복합 운동. 정확한 자세가 필수입니다.",
    "benefits": ["후면 근력", "그립력", "자세 교정"],
    "suitable_for": ["중급자", "상급자"],
    "source": "ACSM"
  },
  {
    "id": 8,
    "name": "벤치프레스",
    "category": "근력",
    "calories_per_hour": 350,
    "intensity": "중강도",
    "target_muscles": ["가슴", "삼두", "전면 어깨"],
    "description": "가슴 근육 발달의 대표 운동. 상체 밀기 근력을 키워줍니다.",
    "benefits": ["가슴 근력", "상체 근력", "팔 근력"],
    "suitable_for": ["초중급자"],
    "source": "ACSM"
  },
  {
    "id": 9,
    "name": "턱걸이",
    "category": "근력",
    "calories_per_hour": 400,
    "intensity": "고강도",
    "target_muscles": ["등", "이두", "코어"],
    "description": "상체 당기기의 왕. 광배근과 이두근을 효과적으로 발달시킵니다.",
    "benefits": ["등 근력", "그립력", "상체 근력"],
    "suitable_for": ["중급자", "상급자"],
    "source": "ACSM"
  },
  {
    "id": 10,
    "name": "런지",
    "category": "근력",
    "calories_per_hour": 350,
    "intensity": "중강도",
    "target_muscles": ["대퇴사두근", "둔근", "햄스트링"],
    "description": "한쪽 다리씩 자극하는 하체 운동. 균형 감각도 함께 발달합니다.",
    "benefits": ["하체 균형", "코어 안정성", "엉덩이 근력"],
    "suitable_for": ["전 연령"],
    "source": "ACSM"
  },
  {
    "id": 11,
    "name": "플랭크",
    "category": "근력",
    "calories_per_hour": 250,
    "intensity": "저강도",
    "target_muscles": ["코어", "어깨", "등"],
    "description": "코어 근력의 기본. 허리 안정성과 자세 개선에 필수적인 운동입니다.",
    "benefits": ["코어 안정성", "자세 개선", "허리 건강"],
    "suitable_for": ["전 연령", "초보자"],
    "source": "ACSM"
  },
  {
    "id": 12,
    "name": "푸시업",
    "category": "근력",
    "calories_per_hour": 350,
    "intensity": "중강도",
    "target_muscles": ["가슴", "삼두", "코어"],
    "description": "언제 어디서나 할 수 있는 상체 운동. 변형으로 난이도 조절 가능합니다.",
    "benefits": ["상체 근력", "코어 안정성", "편의성"],
    "suitable_for": ["전 연령"],
    "source": "ACSM"
  },
  {
    "id": 13,
    "name": "숄더프레스",
    "category": "근력",
    "calories_per_hour": 300,
    "intensity": "중강도",
    "target_muscles": ["어깨", "삼두"],
    "description": "어깨 근육을 집중적으로 발달시키는 운동. 넓은 어깨를 만듭니다.",
    "benefits": ["어깨 근력", "삼두 근력", "상체 라인"],
    "suitable_for": ["초중급자"],
    "source": "ACSM"
  },
  {
    "id": 14,
    "name": "바벨로우",
    "category": "근력",
    "calories_per_hour": 350,
    "intensity": "중강도",
    "target_muscles": ["등", "이두", "후면 어깨"],
    "description": "등 두께를 만드는 핵심 운동. 자세 교정에 효과적입니다.",
    "benefits": ["등 근력", "자세 교정", "그립력"],
    "suitable_for": ["중급자"],
    "source": "ACSM"
  },
  {
    "id": 15,
    "name": "레그프레스",
    "category": "근력",
    "calories_per_hour": 400,
    "intensity": "중강도",
    "target_muscles": ["대퇴사두근", "둔근", "햄스트링"],
    "description": "스쿼트 대안 하체 운동. 무거운 무게를 안전하게 들 수 있습니다.",
    "benefits": ["하체 근력", "안전성", "근비대"],
    "suitable_for": ["전 연령", "허리 약한 사람"],
    "source": "ACSM"
  },
  {
    "id": 16,
    "name": "버피",
    "category": "HIIT",
    "calories_per_hour": 800,
    "intensity": "고강도",
    "target_muscles": ["전신"],
    "description": "전신을 사용하는 고강도 운동. 심폐 기능과 근력을 동시에 향상시킵니다.",
    "benefits": ["전신 운동", "칼로리 소모", "심폐 기능"],
    "suitable_for": ["중급자", "상급자"],
    "source": "ACSM"
  },
  {
    "id": 17,
    "name": "마운틴클라이머",
    "category": "HIIT",
    "calories_per_hour": 650,
    "intensity": "고강도",
    "target_muscles": ["코어", "어깨", "하체"],
    "description": "플랭크 자세에서 달리는 동작. 코어와 심폐를 동시에 강화합니다.",
    "benefits": ["코어 강화", "심폐 기능", "민첩성"],
    "suitable_for": ["중급자"],
    "source": "ACSM"
  },
  {
    "id": 18,
    "name": "점프스쿼트",
    "category": "HIIT",
    "calories_per_hour": 700,
    "intensity": "고강도",
    "target_muscles": ["하체", "코어"],
    "description": "폭발적인 하체 파워를 기르는 운동. 점프력 향상에 효과적입니다.",
    "benefits": ["폭발력", "하체 근력", "칼로리 소모"],
    "suitable_for": ["중급자", "운동선수"],
    "source": "ACSM"
  },
  {
    "id": 19,
    "name": "박스점프",
    "category": "HIIT",
    "calories_per_hour": 600,
    "intensity": "고강도",
    "target_muscles": ["하체", "코어"],
    "description": "플라이오메트릭 대표 운동. 하체 폭발력과 민첩성을 향상시킵니다.",
    "benefits": ["폭발력", "민첩성", "하체 근력"],
    "suitable_for": ["중급자", "운동선수"],
    "source": "ACSM"
  },
  {
    "id": 20,
    "name": "케틀벨스윙",
    "category": "HIIT",
    "calories_per_hour": 600,
    "intensity": "고강도",
    "target_muscles": ["둔근", "햄스트링", "코어", "어깨"],
    "description": "힙힌지로 후면 사슬을 강화. 유산소와 근력 효과를 동시에 얻습니다.",
    "benefits": ["후면 근력", "심폐 기능", "폭발력"],
    "suitable_for": ["중급자"],
    "source": "ACSM"
  },
  {
    "id": 21,
    "name": "요가",
    "category": "유연성",
    "calories_per_hour": 200,
    "intensity": "저강도",
    "target_muscles": ["전신"],
    "description": "몸과 마음의 균형을 찾는 운동. 유연성, 근력, 정신 건강을 모두 향상시킵니다.",
    "benefits": ["유연성", "스트레스 해소", "균형감"],
    "suitable_for": ["전 연령"],
    "source": "국민체력100"
  },
  {
    "id": 22,
    "name": "필라테스",
    "category": "유연성",
    "calories_per_hour": 250,
    "intensity": "저강도",
    "target_muscles": ["코어", "전신"],
    "description": "코어 중심의 전신 운동. 자세 교정과 근력 균형에 효과적입니다.",
    "benefits": ["코어 강화", "자세 교정", "유연성"],
    "suitable_for": ["전 연령", "재활"],
    "source": "국민체력100"
  },
  {
    "id": 23,
    "name": "스트레칭",
    "category": "유연성",
    "calories_per_hour": 150,
    "intensity": "저강도",
    "target_muscles": ["전신"],
    "description": "근육의 긴장을 풀어주는 기본 운동. 운동 전후에 필수입니다.",
    "benefits": ["유연성", "부상 예방", "회복"],
    "suitable_for": ["전 연령"],
    "source": "국민체력100"
  },
  {
    "id": 24,
    "name": "폼롤러",
    "category": "유연성",
    "calories_per_hour": 100,
    "intensity": "저강도",
    "target_muscles": ["전신"],
    "description": "근막을 풀어주는 자가 마사지. 근육 회복에 효과적입니다.",
    "benefits": ["근막 이완", "회복", "유연성"],
    "suitable_for": ["전 연령"],
    "source": "국민체력100"
  },
  {
    "id": 25,
    "name": "태극권",
    "category": "균형",
    "calories_per_hour": 180,
    "intensity": "저강도",
    "target_muscles": ["전신"],
    "description": "느린 동작의 중국 전통 무술. 균형감과 정신 집중력을 향상시킵니다.",
    "benefits": ["균형감", "스트레스 해소", "관절 건강"],
    "suitable_for": ["전 연령", "고령자"],
    "source": "국민체력100"
  },
  {
    "id": 26,
    "name": "한발서기",
    "category": "균형",
    "calories_per_hour": 100,
    "intensity": "저강도",
    "target_muscles": ["하체", "코어"],
    "description": "균형 감각을 테스트하고 향상시키는 운동. 낙상 예방에 효과적입니다.",
    "benefits": ["균형감", "코어 안정성", "낙상 예방"],
    "suitable_for": ["전 연령", "고령자"],
    "source": "국민체력100"
  },
  {
    "id": 27,
    "name": "보수볼",
    "category": "균형",
    "calories_per_hour": 250,
    "intensity": "중강도",
    "target_muscles": ["코어", "하체"],
    "description": "불안정한 표면에서 하는 운동. 균형감과 코어를 극대화합니다.",
    "benefits": ["균형감", "코어 강화", "관절 안정성"],
    "suitable_for": ["중급자", "운동선수"],
    "source": "국민체력100"
  },
  {
    "id": 28,
    "name": "계단오르기",
    "category": "유산소",
    "calories_per_hour": 500,
    "intensity": "중강도",
    "target_muscles": ["하체", "심폐"],
    "description": "일상에서 쉽게 할 수 있는 유산소. 하체 근력과 심폐를 동시에 향상시킵니다.",
    "benefits": ["하체 근력", "심폐 기능", "접근성"],
    "suitable_for": ["전 연령"],
    "source": "국민체력100"
  },
  {
    "id": 29,
    "name": "로잉머신",
    "category": "유산소",
    "calories_per_hour": 550,
    "intensity": "중강도",
    "target_muscles": ["전신"],
    "description": "노 젓기를 모방한 전신 유산소 운동. 등과 팔 근력도 발달합니다.",
    "benefits": ["전신 운동", "심폐 기능", "등 근력"],
    "suitable_for": ["전 연령"],
    "source": "국민체력100"
  },
  {
    "id": 30,
    "name": "일립티컬",
    "category": "유산소",
    "calories_per_hour": 450,
    "intensity": "중강도",
    "target_muscles": ["전신"],
    "description": "관절 충격 없이 달리기 효과. 무릎이 약한 사람에게 추천합니다.",
    "benefits": ["관절 보호", "전신 운동", "심폐 기능"],
    "suitable_for": ["전 연령", "관절염"],
    "source": "국민체력100"
  },
  {
    "id": 31,
    "name": "에어로빅",
    "category": "유산소",
    "calories_per_hour": 500,
    "intensity": "중강도",
    "target_muscles": ["전신"],
    "description": "음악에 맞춰 하는 그룹 유산소. 재미있게 스트레스를 해소합니다.",
    "benefits": ["칼로리 소모", "스트레스 해소", "사회성"],
    "suitable_for": ["전 연령"],
    "source": "국민체력100"
  },
  {
    "id": 32,
    "name": "복싱",
    "category": "HIIT",
    "calories_per_hour": 700,
    "intensity": "고강도",
    "target_muscles": ["상체", "코어"],
    "description": "전신을 사용하는 격투기 운동. 스트레스 해소에 탁월합니다.",
    "benefits": ["스트레스 해소", "심폐 기능", "상체 근력"],
    "suitable_for": ["중급자"],
    "source": "ACSM"
  },
  {
    "id": 33,
    "name": "크로스핏",
    "category": "HIIT",
    "calories_per_hour": 800,
    "intensity": "고강도",
    "target_muscles": ["전신"],
    "description": "다양한 기능적 동작을 고강도로 수행. 전반적인 체력을 극대화합니다.",
    "benefits": ["전신 체력", "근력", "심폐 기능"],
    "suitable_for": ["상급자"],
    "source": "ACSM"
  },
  {
    "id": 34,
    "name": "타바타",
    "category": "HIIT",
    "calories_per_hour": 750,
    "intensity": "고강도",
    "target_muscles": ["전신"],
    "description": "20초 운동, 10초 휴식을 8라운드. 4분 만에 엄청난 효과를 얻습니다.",
    "benefits": ["시간 효율", "체지방 감소", "심폐 기능"],
    "suitable_for": ["중급자", "상급자"],
    "source": "ACSM"
  },
  {
    "id": 35,
    "name": "배드민턴",
    "category": "유산소",
    "calories_per_hour": 400,
    "intensity": "중강도",
    "target_muscles": ["전신"],
    "description": "라켓 스포츠의 대표. 반사 신경과 민첩성을 향상시킵니다.",
    "benefits": ["민첩성", "반사 신경", "사회성"],
    "suitable_for": ["전 연령"],
    "source": "국민체력100"
  },
  {
    "id": 36,
    "name": "테니스",
    "category": "유산소",
    "calories_per_hour": 500,
    "intensity": "중강도",
    "target_muscles": ["전신"],
    "description": "전신을 사용하는 라켓 스포츠. 순발력과 지구력을 동시에 키웁니다.",
    "benefits": ["순발력", "지구력", "전신 운동"],
    "suitable_for": ["전 연령"],
    "source": "국민체력100"
  },
  {
    "id": 37,
    "name": "농구",
    "category": "유산소",
    "calories_per_hour": 550,
    "intensity": "고강도",
    "target_muscles": ["전신"],
    "description": "점프와 달리기가 결합된 팀 스포츠. 전신 체력과 협동심을 기릅니다.",
    "benefits": ["전신 운동", "팀워크", "점프력"],
    "suitable_for": ["청소년", "성인"],
    "source": "국민체력100"
  },
  {
    "id": 38,
    "name": "축구",
    "category": "유산소",
    "calories_per_hour": 600,
    "intensity": "고강도",
    "target_muscles": ["하체", "코어"],
    "description": "세계에서 가장 인기 있는 스포츠. 지구력과 하체 근력을 키웁니다.",
    "benefits": ["지구력", "하체 근력", "팀워크"],
    "suitable_for": ["전 연령"],
    "source": "국민체력100"
  },
  {
    "id": 39,
    "name": "골프",
    "category": "유연성",
    "calories_per_hour": 250,
    "intensity": "저강도",
    "target_muscles": ["코어", "상체"],
    "description": "집중력과 유연성이 필요한 스포츠. 야외에서 걸으며 운동합니다.",
    "benefits": ["집중력", "유연성", "야외 활동"],
    "suitable_for": ["전 연령"],
    "source": "국민체력100"
  },
  {
    "id": 40,
    "name": "등산",
    "category": "유산소",
    "calories_per_hour": 450,
    "intensity": "중강도",
    "target_muscles": ["하체", "코어"],
    "description": "자연 속에서 즐기는 유산소 운동. 정신 건강에도 매우 좋습니다.",
    "benefits": ["하체 근력", "심폐 기능", "정신 건강"],
    "suitable_for": ["전 연령"],
    "source": "국민체력100"
  },
  {
    "id": 41,
    "name": "덤벨컬",
    "category": "근력",
    "calories_per_hour": 250,
    "intensity": "저강도",
    "target_muscles": ["이두"],
    "description": "이두근을 집중적으로 발달시키는 운동. 팔 근력 향상에 기본입니다.",
    "benefits": ["이두 근력", "팔 근력", "그립력"],
    "suitable_for": ["전 연령"],
    "source": "ACSM"
  },
  {
    "id": 42,
    "name": "트라이셉딥스",
    "category": "근력",
    "calories_per_hour": 280,
    "intensity": "중강도",
    "target_muscles": ["삼두"],
    "description": "삼두근을 발달시키는 맨몸 운동. 의자만 있으면 어디서든 가능합니다.",
    "benefits": ["삼두 근력", "팔 근력", "편의성"],
    "suitable_for": ["전 연령"],
    "source": "ACSM"
  },
  {
    "id": 43,
    "name": "사이드레터럴레이즈",
    "category": "근력",
    "calories_per_hour": 220,
    "intensity": "저강도",
    "target_muscles": ["측면 어깨"],
    "description": "어깨 측면을 발달시키는 운동. 넓은 어깨 라인을 만듭니다.",
    "benefits": ["어깨 너비", "어깨 라인", "상체 비율"],
    "suitable_for": ["전 연령"],
    "source": "ACSM"
  },
  {
    "id": 44,
    "name": "레그컬",
    "category": "근력",
    "calories_per_hour": 280,
    "intensity": "중강도",
    "target_muscles": ["햄스트링"],
    "description": "햄스트링을 집중 자극하는 운동. 하체 후면 균형에 중요합니다.",
    "benefits": ["햄스트링 근력", "무릎 안정성", "하체 균형"],
    "suitable_for": ["전 연령"],
    "source": "ACSM"
  },
  {
    "id": 45,
    "name": "카프레이즈",
    "category": "근력",
    "calories_per_hour": 200,
    "intensity": "저강도",
    "target_muscles": ["종아리"],
    "description": "종아리 근육을 발달시키는 운동. 서서 또는 앉아서 할 수 있습니다.",
    "benefits": ["종아리 근력", "발목 안정성", "하체 라인"],
    "suitable_for": ["전 연령"],
    "source": "ACSM"
  },
  {
    "id": 46,
    "name": "힙쓰러스트",
    "category": "근력",
    "calories_per_hour": 320,
    "intensity": "중강도",
    "target_muscles": ["둔근"],
    "description": "엉덩이 근육을 집중 발달시키는 운동. 힙업에 가장 효과적입니다.",
    "benefits": ["둔근 발달", "힙업", "허리 안정성"],
    "suitable_for": ["전 연령"],
    "source": "ACSM"
  },
  {
    "id": 47,
    "name": "크런치",
    "category": "근력",
    "calories_per_hour": 250,
    "intensity": "저강도",
    "target_muscles": ["복직근"],
    "description": "복근 운동의 기본. 상복부를 집중적으로 자극합니다.",
    "benefits": ["복근 발달", "코어 강화", "자세 개선"],
    "suitable_for": ["전 연령"],
    "source": "ACSM"
  },
  {
    "id": 48,
    "name": "레그레이즈",
    "category": "근력",
    "calories_per_hour": 270,
    "intensity": "중강도",
    "target_muscles": ["하복부", "코어"],
    "description": "하복부를 집중 자극하는 운동. 매달리거나 누워서 할 수 있습니다.",
    "benefits": ["하복부 발달", "코어 강화", "골반 안정성"],
    "suitable_for": ["초중급자"],
    "source": "ACSM"
  },
  {
    "id": 49,
    "name": "러시안트위스트",
    "category": "근력",
    "calories_per_hour": 280,
    "intensity": "중강도",
    "target_muscles": ["복사근", "코어"],
    "description": "옆구리를 자극하는 회전 운동. 잘록한 허리 라인을 만듭니다.",
    "benefits": ["복사근 발달", "허리 라인", "회전력"],
    "suitable_for": ["초중급자"],
    "source": "ACSM"
  },
  {
    "id": 50,
    "name": "슈퍼맨",
    "category": "근력",
    "calories_per_hour": 200,
    "intensity": "저강도",
    "target_muscles": ["허리", "둔근"],
    "description": "허리 근육을 강화하는 맨몸 운동. 허리 통증 예방에 효과적입니다.",
    "benefits": ["허리 근력", "자세 교정", "코어 안정성"],
    "suitable_for": ["전 연령"],
    "source": "ACSM"
  }
]
