[
  {
    "id": 1,
    "name": "닭가슴살",
    "category": "고단백",
    "calories": 165,
    "protein": 31,
    "carbs": 0,
    "fat": 3.6,
    "fiber": 0,
    "description": "대표적인 고단백 저지방 식품. 근육 성장과 다이어트에 효과적이며, 다양한 조리법으로 활용 가능합니다.",
    "benefits": ["근육 성장", "다이어트", "포만감"],
    "source": "식품안전나라"
  },
  {
    "id": 2,
    "name": "계란",
    "category": "고단백",
    "calories": 155,
    "protein": 13,
    "carbs": 1.1,
    "fat": 11,
    "fiber": 0,
    "description": "완전 단백질 식품으로 필수 아미노산을 모두 함유. 근육 합성과 두뇌 건강에 좋습니다.",
    "benefits": ["근육 합성", "두뇌 건강", "눈 건강"],
    "source": "식품안전나라"
  },
  {
    "id": 3,
    "name": "연어",
    "category": "고단백",
    "calories": 208,
    "protein": 20,
    "carbs": 0,
    "fat": 13,
    "fiber": 0,
    "description": "오메가-3 지방산이 풍부한 생선. 심혈관 건강과 뇌 기능 향상에 도움을 줍니다.",
    "benefits": ["심혈관 건강", "뇌 기능", "항염증"],
    "source": "식품안전나라"
  },
  {
    "id": 4,
    "name": "두부",
    "category": "고단백",
    "calories": 76,
    "protein": 8,
    "carbs": 1.9,
    "fat": 4.8,
    "fiber": 0.3,
    "description": "식물성 단백질의 대표 식품. 콜레스테롤이 없고 이소플라본이 풍부합니다.",
    "benefits": ["식물성 단백질", "콜레스테롤 관리", "뼈 건강"],
    "source": "식품안전나라"
  },
  {
    "id": 5,
    "name": "그릭요거트",
    "category": "고단백",
    "calories": 97,
    "protein": 9,
    "carbs": 3.6,
    "fat": 5,
    "fiber": 0,
    "description": "일반 요거트보다 단백질이 2배 많음. 프로바이오틱스로 장 건강에 좋습니다.",
    "benefits": ["장 건강", "단백질 보충", "칼슘 공급"],
    "source": "식품안전나라"
  },
  {
    "id": 6,
    "name": "소고기(안심)",
    "category": "고단백",
    "calories": 250,
    "protein": 26,
    "carbs": 0,
    "fat": 15,
    "fiber": 0,
    "description": "철분과 아연이 풍부한 적색육. 빈혈 예방과 면역력 강화에 효과적입니다.",
    "benefits": ["철분 보충", "빈혈 예방", "면역력"],
    "source": "식품안전나라"
  },
  {
    "id": 7,
    "name": "새우",
    "category": "고단백",
    "calories": 99,
    "protein": 24,
    "carbs": 0.2,
    "fat": 0.3,
    "fiber": 0,
    "description": "저칼로리 고단백 해산물. 셀레늄이 풍부해 항산화 효과가 있습니다.",
    "benefits": ["저칼로리", "항산화", "갑상선 건강"],
    "source": "식품안전나라"
  },
  {
    "id": 8,
    "name": "병아리콩",
    "category": "고단백",
    "calories": 164,
    "protein": 9,
    "carbs": 27,
    "fat": 2.6,
    "fiber": 8,
    "description": "식물성 단백질과 식이섬유가 풍부한 콩류. 혈당 조절에 도움을 줍니다.",
    "benefits": ["혈당 조절", "식이섬유", "포만감"],
    "source": "식품안전나라"
  },
  {
    "id": 9,
    "name": "참치(캔)",
    "category": "고단백",
    "calories": 132,
    "protein": 29,
    "carbs": 0,
    "fat": 1,
    "fiber": 0,
    "description": "편리하게 섭취할 수 있는 고단백 식품. 오메가-3가 풍부합니다.",
    "benefits": ["편의성", "고단백", "오메가-3"],
    "source": "식품안전나라"
  },
  {
    "id": 10,
    "name": "돼지고기(안심)",
    "category": "고단백",
    "calories": 143,
    "protein": 26,
    "carbs": 0,
    "fat": 3.5,
    "fiber": 0,
    "description": "비타민 B1이 풍부한 육류. 피로 회복과 에너지 대사에 효과적입니다.",
    "benefits": ["비타민 B1", "피로 회복", "에너지 대사"],
    "source": "식품안전나라"
  },
  {
    "id": 11,
    "name": "현미",
    "category": "저탄수화물",
    "calories": 111,
    "protein": 2.6,
    "carbs": 23,
    "fat": 0.9,
    "fiber": 1.8,
    "description": "백미보다 식이섬유와 영양소가 풍부한 통곡물. 혈당 조절에 효과적입니다.",
    "benefits": ["혈당 조절", "식이섬유", "비타민 B"],
    "source": "식품안전나라"
  },
  {
    "id": 12,
    "name": "퀴노아",
    "category": "저탄수화물",
    "calories": 120,
    "protein": 4.4,
    "carbs": 21,
    "fat": 1.9,
    "fiber": 2.8,
    "description": "완전 단백질을 함유한 슈퍼푸드. 글루텐 프리로 다양한 사람이 섭취 가능합니다.",
    "benefits": ["완전 단백질", "글루텐 프리", "미네랄"],
    "source": "식품안전나라"
  },
  {
    "id": 13,
    "name": "고구마",
    "category": "저탄수화물",
    "calories": 86,
    "protein": 1.6,
    "carbs": 20,
    "fat": 0.1,
    "fiber": 3,
    "description": "복합 탄수화물과 베타카로틴이 풍부. GI 지수가 낮아 혈당 관리에 좋습니다.",
    "benefits": ["낮은 GI", "베타카로틴", "식이섬유"],
    "source": "식품안전나라"
  },
  {
    "id": 14,
    "name": "귀리",
    "category": "저탄수화물",
    "calories": 389,
    "protein": 17,
    "carbs": 66,
    "fat": 7,
    "fiber": 11,
    "description": "베타글루칸이 풍부한 통곡물. 콜레스테롤 감소와 장 건강에 효과적입니다.",
    "benefits": ["콜레스테롤 감소", "포만감", "장 건강"],
    "source": "식품안전나라"
  },
  {
    "id": 15,
    "name": "통밀빵",
    "category": "저탄수화물",
    "calories": 247,
    "protein": 13,
    "carbs": 41,
    "fat": 3.4,
    "fiber": 7,
    "description": "정제되지 않은 밀가루로 만든 빵. 식이섬유와 비타민이 풍부합니다.",
    "benefits": ["식이섬유", "비타민 B", "포만감"],
    "source": "식품안전나라"
  },
  {
    "id": 16,
    "name": "브로콜리",
    "category": "고섬유질",
    "calories": 34,
    "protein": 2.8,
    "carbs": 7,
    "fat": 0.4,
    "fiber": 2.6,
    "description": "비타민 C와 K가 풍부한 십자화과 채소. 항암 효과가 있는 설포라판을 함유합니다.",
    "benefits": ["항암 효과", "비타민 C", "뼈 건강"],
    "source": "식품안전나라"
  },
  {
    "id": 17,
    "name": "시금치",
    "category": "고섬유질",
    "calories": 23,
    "protein": 2.9,
    "carbs": 3.6,
    "fat": 0.4,
    "fiber": 2.2,
    "description": "철분과 엽산이 풍부한 녹색 채소. 빈혈 예방과 태아 발달에 좋습니다.",
    "benefits": ["철분", "엽산", "눈 건강"],
    "source": "식품안전나라"
  },
  {
    "id": 18,
    "name": "양배추",
    "category": "고섬유질",
    "calories": 25,
    "protein": 1.3,
    "carbs": 6,
    "fat": 0.1,
    "fiber": 2.5,
    "description": "비타민 U가 풍부해 위 건강에 좋은 채소. 저칼로리로 다이어트에 효과적입니다.",
    "benefits": ["위 건강", "다이어트", "비타민 C"],
    "source": "식품안전나라"
  },
  {
    "id": 19,
    "name": "당근",
    "category": "고섬유질",
    "calories": 41,
    "protein": 0.9,
    "carbs": 10,
    "fat": 0.2,
    "fiber": 2.8,
    "description": "베타카로틴이 풍부한 뿌리 채소. 눈 건강과 피부 건강에 좋습니다.",
    "benefits": ["눈 건강", "피부 건강", "면역력"],
    "source": "식품안전나라"
  },
  {
    "id": 20,
    "name": "케일",
    "category": "고섬유질",
    "calories": 49,
    "protein": 4.3,
    "carbs": 9,
    "fat": 0.9,
    "fiber": 3.6,
    "description": "영양소 밀도가 높은 슈퍼푸드. 비타민 K, A, C가 풍부합니다.",
    "benefits": ["영양소 밀도", "항산화", "뼈 건강"],
    "source": "식품안전나라"
  },
  {
    "id": 21,
    "name": "아보카도",
    "category": "저지방",
    "calories": 160,
    "protein": 2,
    "carbs": 9,
    "fat": 15,
    "fiber": 7,
    "description": "건강한 불포화지방이 풍부한 과일. 심혈관 건강과 피부 건강에 좋습니다.",
    "benefits": ["불포화지방", "심혈관 건강", "피부 건강"],
    "source": "식품안전나라"
  },
  {
    "id": 22,
    "name": "올리브오일",
    "category": "저지방",
    "calories": 884,
    "protein": 0,
    "carbs": 0,
    "fat": 100,
    "fiber": 0,
    "description": "지중해 식단의 핵심. 올레산이 풍부해 심장 건강에 좋습니다.",
    "benefits": ["심장 건강", "항염증", "항산화"],
    "source": "식품안전나라"
  },
  {
    "id": 23,
    "name": "아몬드",
    "category": "저지방",
    "calories": 579,
    "protein": 21,
    "carbs": 22,
    "fat": 50,
    "fiber": 12,
    "description": "비타민 E와 마그네슘이 풍부한 견과류. 혈당 조절과 심장 건강에 효과적입니다.",
    "benefits": ["비타민 E", "혈당 조절", "심장 건강"],
    "source": "식품안전나라"
  },
  {
    "id": 24,
    "name": "호두",
    "category": "저지방",
    "calories": 654,
    "protein": 15,
    "carbs": 14,
    "fat": 65,
    "fiber": 7,
    "description": "오메가-3가 풍부한 견과류. 뇌 건강과 기억력 향상에 도움을 줍니다.",
    "benefits": ["뇌 건강", "오메가-3", "기억력"],
    "source": "식품안전나라"
  },
  {
    "id": 25,
    "name": "치아씨드",
    "category": "저지방",
    "calories": 486,
    "protein": 17,
    "carbs": 42,
    "fat": 31,
    "fiber": 34,
    "description": "식이섬유와 오메가-3가 풍부한 씨앗. 포만감이 오래 지속됩니다.",
    "benefits": ["식이섬유", "오메가-3", "포만감"],
    "source": "식품안전나라"
  },
  {
    "id": 26,
    "name": "바나나",
    "category": "비타민",
    "calories": 89,
    "protein": 1.1,
    "carbs": 23,
    "fat": 0.3,
    "fiber": 2.6,
    "description": "칼륨이 풍부한 과일. 운동 전후 에너지 보충과 근육 경련 예방에 좋습니다.",
    "benefits": ["칼륨", "에너지 보충", "근육 경련 예방"],
    "source": "식품안전나라"
  },
  {
    "id": 27,
    "name": "오렌지",
    "category": "비타민",
    "calories": 47,
    "protein": 0.9,
    "carbs": 12,
    "fat": 0.1,
    "fiber": 2.4,
    "description": "비타민 C가 풍부한 감귤류. 면역력 강화와 콜라겐 합성에 효과적입니다.",
    "benefits": ["비타민 C", "면역력", "콜라겐 합성"],
    "source": "식품안전나라"
  },
  {
    "id": 28,
    "name": "블루베리",
    "category": "비타민",
    "calories": 57,
    "protein": 0.7,
    "carbs": 14,
    "fat": 0.3,
    "fiber": 2.4,
    "description": "안토시아닌이 풍부한 베리류. 항산화 효과와 뇌 건강에 탁월합니다.",
    "benefits": ["항산화", "뇌 건강", "눈 건강"],
    "source": "식품안전나라"
  },
  {
    "id": 29,
    "name": "키위",
    "category": "비타민",
    "calories": 61,
    "protein": 1.1,
    "carbs": 15,
    "fat": 0.5,
    "fiber": 3,
    "description": "비타민 C와 K가 풍부한 과일. 소화 효소가 있어 소화를 돕습니다.",
    "benefits": ["비타민 C", "소화 촉진", "면역력"],
    "source": "식품안전나라"
  },
  {
    "id": 30,
    "name": "딸기",
    "category": "비타민",
    "calories": 32,
    "protein": 0.7,
    "carbs": 8,
    "fat": 0.3,
    "fiber": 2,
    "description": "비타민 C와 망간이 풍부한 베리. 저칼로리로 다이어트에 좋습니다.",
    "benefits": ["비타민 C", "저칼로리", "항산화"],
    "source": "식품안전나라"
  },
  {
    "id": 31,
    "name": "사과",
    "category": "비타민",
    "calories": 52,
    "protein": 0.3,
    "carbs": 14,
    "fat": 0.2,
    "fiber": 2.4,
    "description": "펙틴이 풍부한 과일. 장 건강과 콜레스테롤 감소에 효과적입니다.",
    "benefits": ["장 건강", "펙틴", "콜레스테롤 감소"],
    "source": "식품안전나라"
  },
  {
    "id": 32,
    "name": "파프리카",
    "category": "비타민",
    "calories": 31,
    "protein": 1,
    "carbs": 6,
    "fat": 0.3,
    "fiber": 2.1,
    "description": "비타민 C가 오렌지의 3배. 다양한 색깔마다 영양소가 다릅니다.",
    "benefits": ["비타민 C", "베타카로틴", "눈 건강"],
    "source": "식품안전나라"
  },
  {
    "id": 33,
    "name": "토마토",
    "category": "비타민",
    "calories": 18,
    "protein": 0.9,
    "carbs": 3.9,
    "fat": 0.2,
    "fiber": 1.2,
    "description": "리코펜이 풍부한 채소. 전립선 건강과 심혈관 건강에 좋습니다.",
    "benefits": ["리코펜", "심혈관 건강", "피부 건강"],
    "source": "식품안전나라"
  },
  {
    "id": 34,
    "name": "레몬",
    "category": "비타민",
    "calories": 29,
    "protein": 1.1,
    "carbs": 9,
    "fat": 0.3,
    "fiber": 2.8,
    "description": "구연산과 비타민 C가 풍부. 디톡스와 소화 촉진에 효과적입니다.",
    "benefits": ["디톡스", "소화 촉진", "면역력"],
    "source": "식품안전나라"
  },
  {
    "id": 35,
    "name": "망고",
    "category": "비타민",
    "calories": 60,
    "protein": 0.8,
    "carbs": 15,
    "fat": 0.4,
    "fiber": 1.6,
    "description": "비타민 A와 C가 풍부한 열대 과일. 피부 건강과 면역력에 좋습니다.",
    "benefits": ["비타민 A", "피부 건강", "면역력"],
    "source": "식품안전나라"
  },
  {
    "id": 36,
    "name": "우유",
    "category": "미네랄",
    "calories": 42,
    "protein": 3.4,
    "carbs": 5,
    "fat": 1,
    "fiber": 0,
    "description": "칼슘과 비타민 D의 대표 공급원. 뼈 건강과 치아 건강에 필수적입니다.",
    "benefits": ["칼슘", "뼈 건강", "비타민 D"],
    "source": "식품안전나라"
  },
  {
    "id": 37,
    "name": "멸치",
    "category": "미네랄",
    "calories": 131,
    "protein": 20,
    "carbs": 0,
    "fat": 4.8,
    "fiber": 0,
    "description": "칼슘이 매우 풍부한 생선. 뼈째 먹어 칼슘 흡수율이 높습니다.",
    "benefits": ["칼슘", "뼈 건강", "단백질"],
    "source": "식품안전나라"
  },
  {
    "id": 38,
    "name": "미역",
    "category": "미네랄",
    "calories": 45,
    "protein": 3,
    "carbs": 10,
    "fat": 0.6,
    "fiber": 0.5,
    "description": "요오드와 철분이 풍부한 해조류. 갑상선 건강과 빈혈 예방에 좋습니다.",
    "benefits": ["요오드", "갑상선 건강", "철분"],
    "source": "식품안전나라"
  },
  {
    "id": 39,
    "name": "다시마",
    "category": "미네랄",
    "calories": 43,
    "protein": 1.7,
    "carbs": 10,
    "fat": 0.6,
    "fiber": 1.3,
    "description": "알긴산이 풍부한 해조류. 중금속 배출과 혈압 조절에 효과적입니다.",
    "benefits": ["중금속 배출", "혈압 조절", "요오드"],
    "source": "식품안전나라"
  },
  {
    "id": 40,
    "name": "굴",
    "category": "미네랄",
    "calories": 81,
    "protein": 9,
    "carbs": 5,
    "fat": 2.3,
    "fiber": 0,
    "description": "아연이 가장 풍부한 식품. 면역력과 남성 건강에 특히 좋습니다.",
    "benefits": ["아연", "면역력", "남성 건강"],
    "source": "식품안전나라"
  },
  {
    "id": 41,
    "name": "김",
    "category": "미네랄",
    "calories": 35,
    "protein": 5.8,
    "carbs": 5.1,
    "fat": 0.5,
    "fiber": 0.4,
    "description": "철분과 비타민 B12가 풍부한 해조류. 채식주의자에게 좋은 영양원입니다.",
    "benefits": ["철분", "비타민 B12", "요오드"],
    "source": "식품안전나라"
  },
  {
    "id": 42,
    "name": "치즈",
    "category": "미네랄",
    "calories": 402,
    "protein": 25,
    "carbs": 1.3,
    "fat": 33,
    "fiber": 0,
    "description": "칼슘과 단백질이 농축된 유제품. 뼈 건강에 효과적입니다.",
    "benefits": ["칼슘", "단백질", "비타민 A"],
    "source": "식품안전나라"
  },
  {
    "id": 43,
    "name": "견과류믹스",
    "category": "미네랄",
    "calories": 607,
    "protein": 20,
    "carbs": 21,
    "fat": 54,
    "fiber": 7,
    "description": "다양한 미네랄을 한번에 섭취. 마그네슘, 아연, 셀레늄이 풍부합니다.",
    "benefits": ["마그네슘", "아연", "건강한 지방"],
    "source": "식품안전나라"
  },
  {
    "id": 44,
    "name": "바지락",
    "category": "미네랄",
    "calories": 74,
    "protein": 13,
    "carbs": 2.6,
    "fat": 1,
    "fiber": 0,
    "description": "철분과 비타민 B12가 풍부한 조개류. 빈혈 예방에 효과적입니다.",
    "benefits": ["철분", "빈혈 예방", "저칼로리"],
    "source": "식품안전나라"
  },
  {
    "id": 45,
    "name": "콩나물",
    "category": "고섬유질",
    "calories": 31,
    "protein": 4,
    "carbs": 4,
    "fat": 0.2,
    "fiber": 2.1,
    "description": "아스파라긴산이 풍부해 숙취 해소에 좋습니다. 저칼로리 다이어트 식품입니다.",
    "benefits": ["숙취 해소", "저칼로리", "비타민 C"],
    "source": "식품안전나라"
  },
  {
    "id": 46,
    "name": "오이",
    "category": "고섬유질",
    "calories": 15,
    "protein": 0.7,
    "carbs": 3.6,
    "fat": 0.1,
    "fiber": 0.5,
    "description": "수분이 96%로 수분 보충에 최적. 저칼로리로 다이어트에 좋습니다.",
    "benefits": ["수분 보충", "저칼로리", "피부 건강"],
    "source": "식품안전나라"
  },
  {
    "id": 47,
    "name": "셀러리",
    "category": "고섬유질",
    "calories": 16,
    "protein": 0.7,
    "carbs": 3,
    "fat": 0.2,
    "fiber": 1.6,
    "description": "네거티브 칼로리 식품. 혈압 조절과 소화에 도움을 줍니다.",
    "benefits": ["혈압 조절", "저칼로리", "소화 촉진"],
    "source": "식품안전나라"
  },
  {
    "id": 48,
    "name": "버섯(표고)",
    "category": "고섬유질",
    "calories": 34,
    "protein": 2.2,
    "carbs": 7,
    "fat": 0.5,
    "fiber": 2.5,
    "description": "비타민 D와 베타글루칸이 풍부. 면역력 강화에 효과적입니다.",
    "benefits": ["비타민 D", "면역력", "항암 효과"],
    "source": "식품안전나라"
  },
  {
    "id": 49,
    "name": "아스파라거스",
    "category": "고섬유질",
    "calories": 20,
    "protein": 2.2,
    "carbs": 3.9,
    "fat": 0.1,
    "fiber": 2.1,
    "description": "엽산과 비타민 K가 풍부. 해독 작용과 이뇨 작용이 있습니다.",
    "benefits": ["엽산", "해독", "이뇨 작용"],
    "source": "식품안전나라"
  },
  {
    "id": 50,
    "name": "피망",
    "category": "고섬유질",
    "calories": 20,
    "protein": 0.9,
    "carbs": 4.6,
    "fat": 0.2,
    "fiber": 1.7,
    "description": "비타민 C와 카로티노이드가 풍부. 눈 건강과 피부 건강에 좋습니다.",
    "benefits": ["비타민 C", "눈 건강", "항산화"],
    "source": "식품안전나라"
  },
  {
    "id": 51,
    "name": "검은콩",
    "category": "고단백",
    "calories": 132,
    "protein": 8.9,
    "carbs": 24,
    "fat": 0.5,
    "fiber": 8.7,
    "description": "안토시아닌이 풍부한 콩. 탈모 예방과 신장 건강에 좋습니다.",
    "benefits": ["안토시아닌", "탈모 예방", "신장 건강"],
    "source": "식품안전나라"
  },
  {
    "id": 52,
    "name": "렌틸콩",
    "category": "고단백",
    "calories": 116,
    "protein": 9,
    "carbs": 20,
    "fat": 0.4,
    "fiber": 8,
    "description": "철분과 엽산이 풍부한 콩류. 채식주의자의 단백질 공급원으로 최적입니다.",
    "benefits": ["철분", "엽산", "식물성 단백질"],
    "source": "식품안전나라"
  },
  {
    "id": 53,
    "name": "오리고기",
    "category": "고단백",
    "calories": 337,
    "protein": 19,
    "carbs": 0,
    "fat": 28,
    "fiber": 0,
    "description": "불포화지방산이 풍부한 가금류. 피부 미용과 보양식으로 좋습니다.",
    "benefits": ["불포화지방", "피부 건강", "보양"],
    "source": "식품안전나라"
  },
  {
    "id": 54,
    "name": "양고기",
    "category": "고단백",
    "calories": 294,
    "protein": 25,
    "carbs": 0,
    "fat": 21,
    "fiber": 0,
    "description": "카르니틴이 풍부한 적색육. 지방 연소와 에너지 대사에 효과적입니다.",
    "benefits": ["카르니틴", "철분", "비타민 B12"],
    "source": "식품안전나라"
  },
  {
    "id": 55,
    "name": "고등어",
    "category": "고단백",
    "calories": 205,
    "protein": 19,
    "carbs": 0,
    "fat": 14,
    "fiber": 0,
    "description": "오메가-3가 풍부한 등푸른 생선. 심혈관 건강과 뇌 건강에 좋습니다.",
    "benefits": ["오메가-3", "심혈관 건강", "DHA"],
    "source": "식품안전나라"
  },
  {
    "id": 56,
    "name": "꽁치",
    "category": "고단백",
    "calories": 171,
    "protein": 18,
    "carbs": 0,
    "fat": 11,
    "fiber": 0,
    "description": "가격 대비 영양이 우수한 생선. DHA와 EPA가 풍부합니다.",
    "benefits": ["DHA", "EPA", "가성비"],
    "source": "식품안전나라"
  },
  {
    "id": 57,
    "name": "낫또",
    "category": "고단백",
    "calories": 211,
    "protein": 18,
    "carbs": 14,
    "fat": 11,
    "fiber": 5.4,
    "description": "나토키나제가 풍부한 발효식품. 혈전 예방과 장 건강에 좋습니다.",
    "benefits": ["나토키나제", "혈전 예방", "프로바이오틱스"],
    "source": "식품안전나라"
  },
  {
    "id": 58,
    "name": "템페",
    "category": "고단백",
    "calories": 192,
    "protein": 20,
    "carbs": 8,
    "fat": 11,
    "fiber": 0,
    "description": "인도네시아 발효 콩 식품. 식물성 단백질과 프로바이오틱스가 풍부합니다.",
    "benefits": ["식물성 단백질", "프로바이오틱스", "철분"],
    "source": "식품안전나라"
  },
  {
    "id": 59,
    "name": "코티지치즈",
    "category": "고단백",
    "calories": 98,
    "protein": 11,
    "carbs": 3.4,
    "fat": 4.3,
    "fiber": 0,
    "description": "저지방 고단백 치즈. 카제인 단백질이 풍부해 서서히 흡수됩니다.",
    "benefits": ["카제인 단백질", "저지방", "칼슘"],
    "source": "식품안전나라"
  },
  {
    "id": 60,
    "name": "메추리알",
    "category": "고단백",
    "calories": 158,
    "protein": 13,
    "carbs": 0.4,
    "fat": 11,
    "fiber": 0,
    "description": "달걀보다 영양 밀도가 높음. 비타민 B군과 철분이 풍부합니다.",
    "benefits": ["영양 밀도", "철분", "비타민 B"],
    "source": "식품안전나라"
  },
  {
    "id": 61,
    "name": "보리",
    "category": "저탄수화물",
    "calories": 354,
    "protein": 12,
    "carbs": 73,
    "fat": 2.3,
    "fiber": 17,
    "description": "베타글루칸이 풍부한 통곡물. 콜레스테롤 감소와 혈당 조절에 좋습니다.",
    "benefits": ["베타글루칸", "콜레스테롤 감소", "식이섬유"],
    "source": "식품안전나라"
  },
  {
    "id": 62,
    "name": "수수",
    "category": "저탄수화물",
    "calories": 329,
    "protein": 11,
    "carbs": 75,
    "fat": 3.3,
    "fiber": 6.3,
    "description": "글루텐 프리 곡물. 항산화 성분이 풍부하고 소화가 잘됩니다.",
    "benefits": ["글루텐 프리", "항산화", "소화"],
    "source": "식품안전나라"
  },
  {
    "id": 63,
    "name": "메밀",
    "category": "저탄수화물",
    "calories": 343,
    "protein": 13,
    "carbs": 72,
    "fat": 3.4,
    "fiber": 10,
    "description": "루틴이 풍부한 유사 곡물. 혈관 건강과 혈압 조절에 효과적입니다.",
    "benefits": ["루틴", "혈관 건강", "글루텐 프리"],
    "source": "식품안전나라"
  },
  {
    "id": 64,
    "name": "율무",
    "category": "저탄수화물",
    "calories": 360,
    "protein": 14,
    "carbs": 65,
    "fat": 6,
    "fiber": 0.6,
    "description": "부종 제거에 효과적인 곡물. 피부 미용과 다이어트에 좋습니다.",
    "benefits": ["부종 제거", "피부 미용", "이뇨 작용"],
    "source": "식품안전나라"
  },
  {
    "id": 65,
    "name": "흑미",
    "category": "저탄수화물",
    "calories": 356,
    "protein": 9,
    "carbs": 76,
    "fat": 3,
    "fiber": 4.9,
    "description": "안토시아닌이 풍부한 유색미. 항산화와 눈 건강에 좋습니다.",
    "benefits": ["안토시아닌", "항산화", "눈 건강"],
    "source": "식품안전나라"
  },
  {
    "id": 66,
    "name": "포도",
    "category": "비타민",
    "calories": 69,
    "protein": 0.7,
    "carbs": 18,
    "fat": 0.2,
    "fiber": 0.9,
    "description": "레스베라트롤이 풍부한 과일. 항산화와 심혈관 건강에 좋습니다.",
    "benefits": ["레스베라트롤", "항산화", "심혈관 건강"],
    "source": "식품안전나라"
  },
  {
    "id": 67,
    "name": "석류",
    "category": "비타민",
    "calories": 83,
    "protein": 1.7,
    "carbs": 19,
    "fat": 1.2,
    "fiber": 4,
    "description": "폴리페놀이 풍부한 과일. 여성 건강과 항산화에 효과적입니다.",
    "benefits": ["폴리페놀", "여성 건강", "항산화"],
    "source": "식품안전나라"
  },
  {
    "id": 68,
    "name": "자몽",
    "category": "비타민",
    "calories": 42,
    "protein": 0.8,
    "carbs": 11,
    "fat": 0.1,
    "fiber": 1.6,
    "description": "나린진이 풍부한 감귤류. 체지방 분해와 식욕 억제에 효과적입니다.",
    "benefits": ["체지방 분해", "비타민 C", "식욕 억제"],
    "source": "식품안전나라"
  },
  {
    "id": 69,
    "name": "파인애플",
    "category": "비타민",
    "calories": 50,
    "protein": 0.5,
    "carbs": 13,
    "fat": 0.1,
    "fiber": 1.4,
    "description": "브로멜라인이 풍부한 열대 과일. 단백질 소화와 염증 완화에 좋습니다.",
    "benefits": ["브로멜라인", "소화 촉진", "항염증"],
    "source": "식품안전나라"
  },
  {
    "id": 70,
    "name": "체리",
    "category": "비타민",
    "calories": 50,
    "protein": 1,
    "carbs": 12,
    "fat": 0.3,
    "fiber": 1.6,
    "description": "멜라토닌이 풍부한 과일. 수면의 질 향상과 근육통 완화에 좋습니다.",
    "benefits": ["멜라토닌", "수면 개선", "근육통 완화"],
    "source": "식품안전나라"
  },
  {
    "id": 71,
    "name": "양파",
    "category": "고섬유질",
    "calories": 40,
    "protein": 1.1,
    "carbs": 9,
    "fat": 0.1,
    "fiber": 1.7,
    "description": "퀘르세틴이 풍부한 채소. 혈당 조절과 항염증에 효과적입니다.",
    "benefits": ["퀘르세틴", "혈당 조절", "항염증"],
    "source": "식품안전나라"
  },
  {
    "id": 72,
    "name": "마늘",
    "category": "고섬유질",
    "calories": 149,
    "protein": 6.4,
    "carbs": 33,
    "fat": 0.5,
    "fiber": 2.1,
    "description": "알리신이 풍부한 양념 채소. 면역력 강화와 항균 작용이 있습니다.",
    "benefits": ["알리신", "면역력", "항균"],
    "source": "식품안전나라"
  },
  {
    "id": 73,
    "name": "생강",
    "category": "고섬유질",
    "calories": 80,
    "protein": 1.8,
    "carbs": 18,
    "fat": 0.8,
    "fiber": 2,
    "description": "진저롤이 풍부한 향신료. 소화 촉진과 멀미 예방에 효과적입니다.",
    "benefits": ["진저롤", "소화 촉진", "항염증"],
    "source": "식품안전나라"
  },
  {
    "id": 74,
    "name": "부추",
    "category": "고섬유질",
    "calories": 30,
    "protein": 3,
    "carbs": 4.4,
    "fat": 0.3,
    "fiber": 2.6,
    "description": "황화알릴이 풍부한 채소. 혈액순환과 남성 건강에 좋습니다.",
    "benefits": ["혈액순환", "남성 건강", "비타민 A"],
    "source": "식품안전나라"
  },
  {
    "id": 75,
    "name": "미나리",
    "category": "고섬유질",
    "calories": 12,
    "protein": 1.6,
    "carbs": 1.5,
    "fat": 0.1,
    "fiber": 2,
    "description": "해독 작용이 뛰어난 채소. 간 건강과 숙취 해소에 효과적입니다.",
    "benefits": ["해독", "간 건강", "숙취 해소"],
    "source": "식품안전나라"
  },
  {
    "id": 76,
    "name": "깻잎",
    "category": "고섬유질",
    "calories": 37,
    "protein": 3.9,
    "carbs": 5.2,
    "fat": 0.8,
    "fiber": 3.3,
    "description": "로즈마린산이 풍부한 쌈 채소. 항알레르기와 항균 효과가 있습니다.",
    "benefits": ["로즈마린산", "항알레르기", "철분"],
    "source": "식품안전나라"
  },
  {
    "id": 77,
    "name": "무",
    "category": "고섬유질",
    "calories": 18,
    "protein": 0.7,
    "carbs": 4.1,
    "fat": 0.1,
    "fiber": 1.6,
    "description": "디아스타제가 풍부한 뿌리 채소. 소화를 돕고 기침 완화에 좋습니다.",
    "benefits": ["소화 효소", "기침 완화", "저칼로리"],
    "source": "식품안전나라"
  },
  {
    "id": 78,
    "name": "호박",
    "category": "고섬유질",
    "calories": 26,
    "protein": 1,
    "carbs": 7,
    "fat": 0.1,
    "fiber": 0.5,
    "description": "베타카로틴이 풍부한 채소. 부종 제거와 눈 건강에 효과적입니다.",
    "benefits": ["베타카로틴", "부종 제거", "눈 건강"],
    "source": "식품안전나라"
  },
  {
    "id": 79,
    "name": "피스타치오",
    "category": "저지방",
    "calories": 560,
    "protein": 20,
    "carbs": 28,
    "fat": 45,
    "fiber": 10,
    "description": "루테인과 제아잔틴이 풍부한 견과류. 눈 건강에 특히 좋습니다.",
    "benefits": ["루테인", "눈 건강", "단백질"],
    "source": "식품안전나라"
  },
  {
    "id": 80,
    "name": "캐슈넛",
    "category": "저지방",
    "calories": 553,
    "protein": 18,
    "carbs": 30,
    "fat": 44,
    "fiber": 3.3,
    "description": "마그네슘과 아연이 풍부한 견과류. 뼈 건강과 면역력에 좋습니다.",
    "benefits": ["마그네슘", "아연", "철분"],
    "source": "식품안전나라"
  },
  {
    "id": 81,
    "name": "해바라기씨",
    "category": "저지방",
    "calories": 584,
    "protein": 21,
    "carbs": 20,
    "fat": 51,
    "fiber": 8.6,
    "description": "비타민 E가 매우 풍부한 씨앗. 피부 건강과 항산화에 효과적입니다.",
    "benefits": ["비타민 E", "피부 건강", "셀레늄"],
    "source": "식품안전나라"
  },
  {
    "id": 82,
    "name": "호박씨",
    "category": "저지방",
    "calories": 559,
    "protein": 30,
    "carbs": 11,
    "fat": 49,
    "fiber": 6,
    "description": "아연과 마그네슘이 풍부한 씨앗. 전립선 건강과 수면에 좋습니다.",
    "benefits": ["아연", "전립선 건강", "수면 개선"],
    "source": "식품안전나라"
  },
  {
    "id": 83,
    "name": "아마씨",
    "category": "저지방",
    "calories": 534,
    "protein": 18,
    "carbs": 29,
    "fat": 42,
    "fiber": 27,
    "description": "오메가-3와 리그난이 풍부한 씨앗. 호르몬 균형과 장 건강에 좋습니다.",
    "benefits": ["오메가-3", "리그난", "장 건강"],
    "source": "식품안전나라"
  },
  {
    "id": 84,
    "name": "두유",
    "category": "미네랄",
    "calories": 54,
    "protein": 3.3,
    "carbs": 6,
    "fat": 1.8,
    "fiber": 0.6,
    "description": "유당불내증이 있어도 마실 수 있는 식물성 우유. 이소플라본이 풍부합니다.",
    "benefits": ["이소플라본", "유당 프리", "식물성 단백질"],
    "source": "식품안전나라"
  },
  {
    "id": 85,
    "name": "아몬드밀크",
    "category": "미네랄",
    "calories": 17,
    "protein": 0.6,
    "carbs": 1.4,
    "fat": 1.1,
    "fiber": 0.2,
    "description": "저칼로리 식물성 우유. 비타민 E가 풍부하고 다이어트에 좋습니다.",
    "benefits": ["저칼로리", "비타민 E", "유당 프리"],
    "source": "식품안전나라"
  },
  {
    "id": 86,
    "name": "오트밀크",
    "category": "미네랄",
    "calories": 47,
    "protein": 1,
    "carbs": 9.3,
    "fat": 1.5,
    "fiber": 0.8,
    "description": "베타글루칸이 풍부한 식물성 우유. 콜레스테롤 감소에 효과적입니다.",
    "benefits": ["베타글루칸", "콜레스테롤 감소", "유당 프리"],
    "source": "식품안전나라"
  },
  {
    "id": 87,
    "name": "순두부",
    "category": "고단백",
    "calories": 47,
    "protein": 4.8,
    "carbs": 1.1,
    "fat": 2.7,
    "fiber": 0.1,
    "description": "부드러운 식감의 저칼로리 두부. 소화가 잘되고 위에 부담이 없습니다.",
    "benefits": ["저칼로리", "소화 용이", "이소플라본"],
    "source": "식품안전나라"
  },
  {
    "id": 88,
    "name": "유부",
    "category": "고단백",
    "calories": 386,
    "protein": 23,
    "carbs": 10,
    "fat": 28,
    "fiber": 1.4,
    "description": "튀긴 두부로 고소한 맛. 단백질이 농축되어 있습니다.",
    "benefits": ["단백질", "고소한 맛", "칼슘"],
    "source": "식품안전나라"
  },
  {
    "id": 89,
    "name": "청국장",
    "category": "고단백",
    "calories": 151,
    "protein": 13,
    "carbs": 13,
    "fat": 5.8,
    "fiber": 4.2,
    "description": "강력한 프로바이오틱스 식품. 면역력과 장 건강에 탁월합니다.",
    "benefits": ["프로바이오틱스", "면역력", "혈전 예방"],
    "source": "식품안전나라"
  },
  {
    "id": 90,
    "name": "된장",
    "category": "고단백",
    "calories": 199,
    "protein": 12,
    "carbs": 26,
    "fat": 5.8,
    "fiber": 5.4,
    "description": "한국 전통 발효 식품. 항암 효과와 해독 작용이 있습니다.",
    "benefits": ["항암 효과", "해독", "프로바이오틱스"],
    "source": "식품안전나라"
  },
  {
    "id": 91,
    "name": "김치",
    "category": "고섬유질",
    "calories": 15,
    "protein": 1.1,
    "carbs": 2.4,
    "fat": 0.5,
    "fiber": 1.4,
    "description": "한국 대표 발효 식품. 유산균이 풍부해 장 건강에 최고입니다.",
    "benefits": ["유산균", "장 건강", "비타민 C"],
    "source": "식품안전나라"
  },
  {
    "id": 92,
    "name": "요거트",
    "category": "미네랄",
    "calories": 59,
    "protein": 3.5,
    "carbs": 4.7,
    "fat": 3.3,
    "fiber": 0,
    "description": "프로바이오틱스가 풍부한 유제품. 장 건강과 면역력에 좋습니다.",
    "benefits": ["프로바이오틱스", "칼슘", "장 건강"],
    "source": "식품안전나라"
  },
  {
    "id": 93,
    "name": "케피어",
    "category": "미네랄",
    "calories": 41,
    "protein": 3.3,
    "carbs": 4.5,
    "fat": 1,
    "fiber": 0,
    "description": "요거트보다 더 많은 프로바이오틱스 함유. 장 건강의 최강자입니다.",
    "benefits": ["프로바이오틱스", "칼슘", "비타민 B12"],
    "source": "식품안전나라"
  },
  {
    "id": 94,
    "name": "크랜베리",
    "category": "비타민",
    "calories": 46,
    "protein": 0.4,
    "carbs": 12,
    "fat": 0.1,
    "fiber": 4.6,
    "description": "프로안토시아니딘이 풍부한 베리. 요로 건강에 특히 효과적입니다.",
    "benefits": ["요로 건강", "항산화", "비타민 C"],
    "source": "식품안전나라"
  },
  {
    "id": 95,
    "name": "아사이베리",
    "category": "비타민",
    "calories": 70,
    "protein": 1.5,
    "carbs": 6,
    "fat": 5,
    "fiber": 3,
    "description": "항산화 성분이 블루베리의 10배. 슈퍼푸드로 주목받고 있습니다.",
    "benefits": ["항산화", "에너지", "피부 건강"],
    "source": "식품안전나라"
  },
  {
    "id": 96,
    "name": "복분자",
    "category": "비타민",
    "calories": 52,
    "protein": 1.2,
    "carbs": 12,
    "fat": 0.7,
    "fiber": 6.5,
    "description": "안토시아닌이 풍부한 한국 베리. 남성 건강과 눈 건강에 좋습니다.",
    "benefits": ["안토시아닌", "남성 건강", "눈 건강"],
    "source": "식품안전나라"
  },
  {
    "id": 97,
    "name": "배",
    "category": "비타민",
    "calories": 57,
    "protein": 0.4,
    "carbs": 15,
    "fat": 0.1,
    "fiber": 3.1,
    "description": "기관지 건강에 좋은 과일. 숙취 해소와 기침 완화에 효과적입니다.",
    "benefits": ["기관지 건강", "숙취 해소", "수분 보충"],
    "source": "식품안전나라"
  },
  {
    "id": 98,
    "name": "감",
    "category": "비타민",
    "calories": 70,
    "protein": 0.6,
    "carbs": 19,
    "fat": 0.2,
    "fiber": 3.6,
    "description": "탄닌과 비타민 C가 풍부. 숙취 해소와 면역력 강화에 좋습니다.",
    "benefits": ["탄닌", "숙취 해소", "비타민 C"],
    "source": "식품안전나라"
  },
  {
    "id": 99,
    "name": "대추",
    "category": "비타민",
    "calories": 287,
    "protein": 2.5,
    "carbs": 75,
    "fat": 0.4,
    "fiber": 8,
    "description": "철분과 칼륨이 풍부한 과일. 빈혈 예방과 피로 회복에 좋습니다.",
    "benefits": ["철분", "피로 회복", "면역력"],
    "source": "식품안전나라"
  },
  {
    "id": 100,
    "name": "잣",
    "category": "저지방",
    "calories": 673,
    "protein": 14,
    "carbs": 13,
    "fat": 68,
    "fiber": 3.7,
    "description": "피놀렌산이 풍부한 견과류. 식욕 억제와 피부 건강에 효과적입니다.",
    "benefits": ["피놀렌산", "식욕 억제", "피부 건강"],
    "source": "식품안전나라"
  }
]
